{"v":"5.5.7","meta":{"g":"LottieFiles AE 0.1.20","a":"","k":"","d":"","tc":""},"fr":25,"ip":0,"op":75,"w":1973,"h":954,"nm":"Comp 1","ddd":0,"assets":[{"id":"comp_0","layers":[{"ddd":0,"ind":1,"ty":4,"nm":"Shape Layer 7","parent":7,"sr":1,"ks":{"o":{"a":1,"k":[{"i":{"x":[0.833],"y":[0.833]},"o":{"x":[0.167],"y":[0.167]},"t":17,"s":[100]},{"t":24,"s":[0]}],"ix":11},"r":{"a":0,"k":0,"ix":10},"p":{"a":1,"k":[{"i":{"x":0.667,"y":1},"o":{"x":0.167,"y":0.167},"t":11,"s":[-387.367,-161.277,0],"to":[9,-136.667,0],"ti":[-153,-13.333,0]},{"t":19.380859375,"s":[110.633,-477.277,0]}],"ix":2},"a":{"a":0,"k":[-411.367,-93.277,0],"ix":1},"s":{"a":0,"k":[100,100,100],"ix":6}},"ao":0,"shapes":[{"ty":"gr","it":[{"ty":"sr","sy":1,"d":1,"pt":{"a":0,"k":5,"ix":3},"p":{"a":0,"k":[0,0],"ix":4},"r":{"a":0,"k":127.569,"ix":5},"ir":{"a":0,"k":16.401,"ix":6},"is":{"a":0,"k":0,"ix":8},"or":{"a":0,"k":32.802,"ix":7},"os":{"a":0,"k":55,"ix":9},"ix":1,"nm":"Polystar Path 1","mn":"ADBE Vector Shape - Star","hd":false},{"ty":"fl","c":{"a":0,"k":[0.522491275563,1,0.411764675963,1],"ix":4},"o":{"a":0,"k":100,"ix":5},"r":1,"bm":0,"nm":"Fill 1","mn":"ADBE Vector Graphic - Fill","hd":false},{"ty":"fl","c":{"a":0,"k":[0.522491275563,1,0.411764675963,1],"ix":4},"o":{"a":0,"k":100,"ix":5},"r":1,"bm":0,"nm":"Fill 2","mn":"ADBE Vector Graphic - Fill","hd":false},{"ty":"tr","p":{"a":0,"k":[-408.5,-93],"ix":2},"a":{"a":0,"k":[0,0],"ix":1},"s":{"a":0,"k":[100,100],"ix":3},"r":{"a":0,"k":0,"ix":6},"o":{"a":0,"k":100,"ix":7},"sk":{"a":0,"k":0,"ix":4},"sa":{"a":0,"k":0,"ix":5},"nm":"Transform"}],"nm":"Polystar 1","np":4,"cix":2,"bm":0,"ix":1,"mn":"ADBE Vector Group","hd":false}],"ip":0,"op":125,"st":0,"bm":0},{"ddd":0,"ind":2,"ty":4,"nm":"Shape Layer 6","parent":7,"sr":1,"ks":{"o":{"a":1,"k":[{"i":{"x":[0.833],"y":[0.833]},"o":{"x":[0.167],"y":[0.167]},"t":17,"s":[100]},{"t":24,"s":[0]}],"ix":11},"r":{"a":0,"k":0,"ix":10},"p":{"a":1,"k":[{"i":{"x":0.667,"y":1},"o":{"x":0.167,"y":0.167},"t":9,"s":[-448.367,-144.277,0],"to":[16.333,-165.667,0],"ti":[233.667,-34.333,0]},{"t":17.380859375,"s":[-902.367,-478.277,0]}],"ix":2},"a":{"a":0,"k":[-411.367,-93.277,0],"ix":1},"s":{"a":0,"k":[100,100,100],"ix":6}},"ao":0,"shapes":[{"ty":"gr","it":[{"ty":"sr","sy":1,"d":1,"pt":{"a":0,"k":5,"ix":3},"p":{"a":0,"k":[0,0],"ix":4},"r":{"a":0,"k":127.569,"ix":5},"ir":{"a":0,"k":16.401,"ix":6},"is":{"a":0,"k":0,"ix":8},"or":{"a":0,"k":32.802,"ix":7},"os":{"a":0,"k":55,"ix":9},"ix":1,"nm":"Polystar Path 1","mn":"ADBE Vector Shape - Star","hd":false},{"ty":"fl","c":{"a":0,"k":[1,0,0,1],"ix":4},"o":{"a":0,"k":100,"ix":5},"r":1,"bm":0,"nm":"Fill 1","mn":"ADBE Vector Graphic - Fill","hd":false},{"ty":"fl","c":{"a":0,"k":[1,0,0,1],"ix":4},"o":{"a":0,"k":100,"ix":5},"r":1,"bm":0,"nm":"Fill 2","mn":"ADBE Vector Graphic - Fill","hd":false},{"ty":"tr","p":{"a":0,"k":[-408.5,-93],"ix":2},"a":{"a":0,"k":[0,0],"ix":1},"s":{"a":0,"k":[100,100],"ix":3},"r":{"a":0,"k":0,"ix":6},"o":{"a":0,"k":100,"ix":7},"sk":{"a":0,"k":0,"ix":4},"sa":{"a":0,"k":0,"ix":5},"nm":"Transform"}],"nm":"Polystar 1","np":4,"cix":2,"bm":0,"ix":1,"mn":"ADBE Vector Group","hd":false}],"ip":0,"op":125,"st":0,"bm":0},{"ddd":0,"ind":3,"ty":4,"nm":"Shape Layer 5","parent":7,"sr":1,"ks":{"o":{"a":1,"k":[{"i":{"x":[0.833],"y":[0.833]},"o":{"x":[0.167],"y":[0.167]},"t":17,"s":[100]},{"t":24,"s":[0]}],"ix":11},"r":{"a":0,"k":0,"ix":10},"p":{"a":1,"k":[{"i":{"x":0.667,"y":1},"o":{"x":0.167,"y":0.167},"t":7.619,"s":[-374.367,-43.277,0],"to":[255,-87.333,0],"ti":[11,-132.667,0]},{"t":16,"s":[159.633,224.723,0]}],"ix":2},"a":{"a":0,"k":[-411.367,-93.277,0],"ix":1},"s":{"a":0,"k":[100,100,100],"ix":6}},"ao":0,"shapes":[{"ty":"gr","it":[{"ty":"sr","sy":1,"d":1,"pt":{"a":0,"k":5,"ix":3},"p":{"a":0,"k":[0,0],"ix":4},"r":{"a":0,"k":127.569,"ix":5},"ir":{"a":0,"k":16.401,"ix":6},"is":{"a":0,"k":0,"ix":8},"or":{"a":0,"k":32.802,"ix":7},"os":{"a":0,"k":55,"ix":9},"ix":1,"nm":"Polystar Path 1","mn":"ADBE Vector Shape - Star","hd":false},{"ty":"fl","c":{"a":0,"k":[1,0.66366780599,0.364705852434,1],"ix":4},"o":{"a":0,"k":100,"ix":5},"r":1,"bm":0,"nm":"Fill 1","mn":"ADBE Vector Graphic - Fill","hd":false},{"ty":"fl","c":{"a":0,"k":[1,0.66366780599,0.364705852434,1],"ix":4},"o":{"a":0,"k":100,"ix":5},"r":1,"bm":0,"nm":"Fill 2","mn":"ADBE Vector Graphic - Fill","hd":false},{"ty":"tr","p":{"a":0,"k":[-408.5,-93],"ix":2},"a":{"a":0,"k":[0,0],"ix":1},"s":{"a":0,"k":[100,100],"ix":3},"r":{"a":0,"k":0,"ix":6},"o":{"a":0,"k":100,"ix":7},"sk":{"a":0,"k":0,"ix":4},"sa":{"a":0,"k":0,"ix":5},"nm":"Transform"}],"nm":"Polystar 1","np":4,"cix":2,"bm":0,"ix":1,"mn":"ADBE Vector Group","hd":false}],"ip":0,"op":125,"st":0,"bm":0},{"ddd":0,"ind":4,"ty":4,"nm":"Shape Layer 4","parent":7,"sr":1,"ks":{"o":{"a":1,"k":[{"i":{"x":[0.833],"y":[0.833]},"o":{"x":[0.167],"y":[0.167]},"t":17,"s":[100]},{"t":24,"s":[0]}],"ix":11},"r":{"a":0,"k":0,"ix":10},"p":{"a":1,"k":[{"i":{"x":0.667,"y":1},"o":{"x":0.167,"y":0.167},"t":6,"s":[-350.367,-110.277,0],"to":[145.333,-170.333,0],"ti":[-75.333,-145.667,0]},{"t":14.380859375,"s":[293.633,-76.277,0]}],"ix":2},"a":{"a":0,"k":[-411.367,-93.277,0],"ix":1},"s":{"a":0,"k":[100,100,100],"ix":6}},"ao":0,"shapes":[{"ty":"gr","it":[{"ty":"sr","sy":1,"d":1,"pt":{"a":0,"k":5,"ix":3},"p":{"a":0,"k":[0,0],"ix":4},"r":{"a":0,"k":127.569,"ix":5},"ir":{"a":0,"k":16.401,"ix":6},"is":{"a":0,"k":0,"ix":8},"or":{"a":0,"k":32.802,"ix":7},"os":{"a":0,"k":55,"ix":9},"ix":1,"nm":"Polystar Path 1","mn":"ADBE Vector Shape - Star","hd":false},{"ty":"fl","c":{"a":0,"k":[1,0.977577837776,0.364705852434,1],"ix":4},"o":{"a":0,"k":100,"ix":5},"r":1,"bm":0,"nm":"Fill 1","mn":"ADBE Vector Graphic - Fill","hd":false},{"ty":"fl","c":{"a":0,"k":[1,0.977577837776,0.364705852434,1],"ix":4},"o":{"a":0,"k":100,"ix":5},"r":1,"bm":0,"nm":"Fill 2","mn":"ADBE Vector Graphic - Fill","hd":false},{"ty":"tr","p":{"a":0,"k":[-408.5,-93],"ix":2},"a":{"a":0,"k":[0,0],"ix":1},"s":{"a":0,"k":[100,100],"ix":3},"r":{"a":0,"k":0,"ix":6},"o":{"a":0,"k":100,"ix":7},"sk":{"a":0,"k":0,"ix":4},"sa":{"a":0,"k":0,"ix":5},"nm":"Transform"}],"nm":"Polystar 1","np":4,"cix":2,"bm":0,"ix":1,"mn":"ADBE Vector Group","hd":false}],"ip":0,"op":125,"st":0,"bm":0},{"ddd":0,"ind":5,"ty":4,"nm":"Shape Layer 3","parent":7,"sr":1,"ks":{"o":{"a":1,"k":[{"i":{"x":[0.833],"y":[0.833]},"o":{"x":[0.167],"y":[0.167]},"t":17,"s":[100]},{"t":24,"s":[0]}],"ix":11},"r":{"a":0,"k":0,"ix":10},"p":{"a":1,"k":[{"i":{"x":0.667,"y":1},"o":{"x":0.167,"y":0.167},"t":5,"s":[-471.367,-77.277,0],"to":[-118,-176.333,0],"ti":[156,-219.667,0]},{"t":13.380859375,"s":[-1131.367,-127.277,0]}],"ix":2},"a":{"a":0,"k":[-411.367,-93.277,0],"ix":1},"s":{"a":0,"k":[100,100,100],"ix":6}},"ao":0,"shapes":[{"ty":"gr","it":[{"ty":"sr","sy":1,"d":1,"pt":{"a":0,"k":5,"ix":3},"p":{"a":0,"k":[0,0],"ix":4},"r":{"a":0,"k":127.569,"ix":5},"ir":{"a":0,"k":16.401,"ix":6},"is":{"a":0,"k":0,"ix":8},"or":{"a":0,"k":32.802,"ix":7},"os":{"a":0,"k":55,"ix":9},"ix":1,"nm":"Polystar Path 1","mn":"ADBE Vector Shape - Star","hd":false},{"ty":"fl","c":{"a":0,"k":[1,0.364705852434,0.66366780599,1],"ix":4},"o":{"a":0,"k":100,"ix":5},"r":1,"bm":0,"nm":"Fill 1","mn":"ADBE Vector Graphic - Fill","hd":false},{"ty":"fl","c":{"a":0,"k":[1,0.364705852434,0.66366780599,1],"ix":4},"o":{"a":0,"k":100,"ix":5},"r":1,"bm":0,"nm":"Fill 2","mn":"ADBE Vector Graphic - Fill","hd":false},{"ty":"tr","p":{"a":0,"k":[-408.5,-93],"ix":2},"a":{"a":0,"k":[0,0],"ix":1},"s":{"a":0,"k":[100,100],"ix":3},"r":{"a":0,"k":0,"ix":6},"o":{"a":0,"k":100,"ix":7},"sk":{"a":0,"k":0,"ix":4},"sa":{"a":0,"k":0,"ix":5},"nm":"Transform"}],"nm":"Polystar 1","np":4,"cix":2,"bm":0,"ix":1,"mn":"ADBE Vector Group","hd":false}],"ip":0,"op":125,"st":0,"bm":0},{"ddd":0,"ind":6,"ty":4,"nm":"Shape Layer 2","parent":7,"sr":1,"ks":{"o":{"a":1,"k":[{"i":{"x":[0.833],"y":[0.833]},"o":{"x":[0.167],"y":[0.167]},"t":17,"s":[100]},{"t":24,"s":[0]}],"ix":11},"r":{"a":0,"k":0,"ix":10},"p":{"a":1,"k":[{"i":{"x":0.667,"y":1},"o":{"x":0.167,"y":0.167},"t":4,"s":[-434.367,-25.277,0],"to":[-237.667,-46.667,0],"ti":[53.667,-169.333,0]},{"t":12,"s":[-986.367,268.723,0]}],"ix":2},"a":{"a":0,"k":[-411.367,-93.277,0],"ix":1},"s":{"a":0,"k":[100,100,100],"ix":6}},"ao":0,"shapes":[{"ty":"gr","it":[{"ty":"sr","sy":1,"d":1,"pt":{"a":0,"k":5,"ix":3},"p":{"a":0,"k":[0,0],"ix":4},"r":{"a":0,"k":127.569,"ix":5},"ir":{"a":0,"k":16.401,"ix":6},"is":{"a":0,"k":0,"ix":8},"or":{"a":0,"k":32.802,"ix":7},"os":{"a":0,"k":55,"ix":9},"ix":1,"nm":"Polystar Path 1","mn":"ADBE Vector Shape - Star","hd":false},{"ty":"fl","c":{"a":0,"k":[0.364705852434,0.828096756281,1,1],"ix":4},"o":{"a":0,"k":100,"ix":5},"r":1,"bm":0,"nm":"Fill 1","mn":"ADBE Vector Graphic - Fill","hd":false},{"ty":"tr","p":{"a":0,"k":[-408.5,-93],"ix":2},"a":{"a":0,"k":[0,0],"ix":1},"s":{"a":0,"k":[100,100],"ix":3},"r":{"a":0,"k":0,"ix":6},"o":{"a":0,"k":100,"ix":7},"sk":{"a":0,"k":0,"ix":4},"sa":{"a":0,"k":0,"ix":5},"nm":"Transform"}],"nm":"Polystar 1","np":3,"cix":2,"bm":0,"ix":1,"mn":"ADBE Vector Group","hd":false}],"ip":0,"op":125,"st":0,"bm":0},{"ddd":0,"ind":7,"ty":4,"nm":"Shape Layer 1","sr":1,"ks":{"o":{"a":1,"k":[{"i":{"x":[0.833],"y":[0.833]},"o":{"x":[0.167],"y":[0.167]},"t":12,"s":[100]},{"t":19,"s":[0]}],"ix":11},"r":{"a":0,"k":0,"ix":10},"p":{"a":0,"k":[986.508,474.91,0],"ix":2},"a":{"a":0,"k":[-411.367,-93.277,0],"ix":1},"s":{"a":1,"k":[{"i":{"x":[0.833,0.833,0.833],"y":[0.833,0.833,0.833]},"o":{"x":[0.167,0.167,0.167],"y":[0.167,0.167,0.167]},"t":0,"s":[0,0,100]},{"t":9,"s":[100,100,100]}],"ix":6}},"ao":0,"shapes":[{"ty":"gr","it":[{"ty":"sr","sy":1,"d":1,"pt":{"a":0,"k":5,"ix":3},"p":{"a":0,"k":[0,0],"ix":4},"r":{"a":0,"k":127.569,"ix":5},"ir":{"a":0,"k":16.401,"ix":6},"is":{"a":0,"k":0,"ix":8},"or":{"a":0,"k":32.802,"ix":7},"os":{"a":0,"k":55,"ix":9},"ix":1,"nm":"Polystar Path 1","mn":"ADBE Vector Shape - Star","hd":false},{"ty":"fl","c":{"a":0,"k":[0.364705852434,1,0.857993152095,1],"ix":4},"o":{"a":0,"k":100,"ix":5},"r":1,"bm":0,"nm":"Fill 1","mn":"ADBE Vector Graphic - Fill","hd":false},{"ty":"tr","p":{"a":0,"k":[-408.5,-93],"ix":2},"a":{"a":0,"k":[0,0],"ix":1},"s":{"a":0,"k":[100,100],"ix":3},"r":{"a":0,"k":0,"ix":6},"o":{"a":0,"k":100,"ix":7},"sk":{"a":0,"k":0,"ix":4},"sa":{"a":0,"k":0,"ix":5},"nm":"Transform"}],"nm":"Polystar 1","np":3,"cix":2,"bm":0,"ix":1,"mn":"ADBE Vector Group","hd":false}],"ip":0,"op":125,"st":0,"bm":0}]}],"layers":[{"ddd":0,"ind":1,"ty":0,"nm":"1","refId":"comp_0","sr":1,"ks":{"o":{"a":0,"k":100,"ix":11},"r":{"a":0,"k":360,"ix":10},"p":{"a":0,"k":[986.5,477,0],"ix":2},"a":{"a":0,"k":[986.5,477,0],"ix":1},"s":{"a":0,"k":[10,10,100],"ix":6}},"ao":0,"w":1973,"h":954,"ip":49,"op":174,"st":49,"bm":0},{"ddd":0,"ind":2,"ty":0,"nm":"1","refId":"comp_0","sr":1,"ks":{"o":{"a":0,"k":100,"ix":11},"r":{"a":0,"k":340,"ix":10},"p":{"a":0,"k":[986.5,477,0],"ix":2},"a":{"a":0,"k":[986.5,477,0],"ix":1},"s":{"a":0,"k":[15,15,100],"ix":6}},"ao":0,"w":1973,"h":954,"ip":46,"op":171,"st":46,"bm":0},{"ddd":0,"ind":3,"ty":0,"nm":"1","refId":"comp_0","sr":1,"ks":{"o":{"a":0,"k":100,"ix":11},"r":{"a":0,"k":320,"ix":10},"p":{"a":0,"k":[986.5,477,0],"ix":2},"a":{"a":0,"k":[986.5,477,0],"ix":1},"s":{"a":0,"k":[20,20,100],"ix":6}},"ao":0,"w":1973,"h":954,"ip":43,"op":168,"st":43,"bm":0},{"ddd":0,"ind":4,"ty":0,"nm":"1","refId":"comp_0","sr":1,"ks":{"o":{"a":0,"k":100,"ix":11},"r":{"a":0,"k":300,"ix":10},"p":{"a":0,"k":[986.5,477,0],"ix":2},"a":{"a":0,"k":[986.5,477,0],"ix":1},"s":{"a":0,"k":[25,25,100],"ix":6}},"ao":0,"w":1973,"h":954,"ip":40,"op":165,"st":40,"bm":0},{"ddd":0,"ind":5,"ty":0,"nm":"1","refId":"comp_0","sr":1,"ks":{"o":{"a":0,"k":100,"ix":11},"r":{"a":0,"k":280,"ix":10},"p":{"a":0,"k":[986.5,477,0],"ix":2},"a":{"a":0,"k":[986.5,477,0],"ix":1},"s":{"a":0,"k":[30,30,100],"ix":6}},"ao":0,"w":1973,"h":954,"ip":37,"op":162,"st":37,"bm":0},{"ddd":0,"ind":6,"ty":0,"nm":"1","refId":"comp_0","sr":1,"ks":{"o":{"a":0,"k":100,"ix":11},"r":{"a":0,"k":140,"ix":10},"p":{"a":0,"k":[986.5,477,0],"ix":2},"a":{"a":0,"k":[986.5,477,0],"ix":1},"s":{"a":0,"k":[65,65,100],"ix":6}},"ao":0,"w":1973,"h":954,"ip":48,"op":173,"st":48,"bm":0},{"ddd":0,"ind":7,"ty":0,"nm":"1","refId":"comp_0","sr":1,"ks":{"o":{"a":0,"k":100,"ix":11},"r":{"a":0,"k":120,"ix":10},"p":{"a":0,"k":[986.5,477,0],"ix":2},"a":{"a":0,"k":[986.5,477,0],"ix":1},"s":{"a":0,"k":[52,52,100],"ix":6}},"ao":0,"w":1973,"h":954,"ip":46,"op":171,"st":46,"bm":0},{"ddd":0,"ind":8,"ty":0,"nm":"1","refId":"comp_0","sr":1,"ks":{"o":{"a":0,"k":100,"ix":11},"r":{"a":0,"k":100,"ix":10},"p":{"a":0,"k":[986.5,477,0],"ix":2},"a":{"a":0,"k":[986.5,477,0],"ix":1},"s":{"a":0,"k":[57,57,100],"ix":6}},"ao":0,"w":1973,"h":954,"ip":43,"op":168,"st":43,"bm":0},{"ddd":0,"ind":9,"ty":0,"nm":"1","refId":"comp_0","sr":1,"ks":{"o":{"a":0,"k":100,"ix":11},"r":{"a":0,"k":80,"ix":10},"p":{"a":0,"k":[986.5,477,0],"ix":2},"a":{"a":0,"k":[986.5,477,0],"ix":1},"s":{"a":0,"k":[62,62,100],"ix":6}},"ao":0,"w":1973,"h":954,"ip":41,"op":166,"st":41,"bm":0},{"ddd":0,"ind":10,"ty":0,"nm":"1","refId":"comp_0","sr":1,"ks":{"o":{"a":0,"k":100,"ix":11},"r":{"a":0,"k":60,"ix":10},"p":{"a":0,"k":[986.5,477,0],"ix":2},"a":{"a":0,"k":[986.5,477,0],"ix":1},"s":{"a":0,"k":[67,67,100],"ix":6}},"ao":0,"w":1973,"h":954,"ip":39,"op":164,"st":39,"bm":0},{"ddd":0,"ind":11,"ty":0,"nm":"1","refId":"comp_0","sr":1,"ks":{"o":{"a":0,"k":100,"ix":11},"r":{"a":0,"k":40,"ix":10},"p":{"a":0,"k":[986.5,477,0],"ix":2},"a":{"a":0,"k":[986.5,477,0],"ix":1},"s":{"a":0,"k":[72,72,100],"ix":6}},"ao":0,"w":1973,"h":954,"ip":36,"op":161,"st":36,"bm":0},{"ddd":0,"ind":12,"ty":0,"nm":"1","refId":"comp_0","sr":1,"ks":{"o":{"a":0,"k":100,"ix":11},"r":{"a":0,"k":20,"ix":10},"p":{"a":0,"k":[986.5,477,0],"ix":2},"a":{"a":0,"k":[986.5,477,0],"ix":1},"s":{"a":0,"k":[77,77,100],"ix":6}},"ao":0,"w":1973,"h":954,"ip":33,"op":158,"st":33,"bm":0},{"ddd":0,"ind":13,"ty":0,"nm":"1","refId":"comp_0","sr":1,"ks":{"o":{"a":0,"k":100,"ix":11},"r":{"a":0,"k":0,"ix":10},"p":{"a":0,"k":[986.5,477,0],"ix":2},"a":{"a":0,"k":[986.5,477,0],"ix":1},"s":{"a":0,"k":[82,82,100],"ix":6}},"ao":0,"w":1973,"h":954,"ip":31,"op":156,"st":31,"bm":0},{"ddd":0,"ind":14,"ty":0,"nm":"1","refId":"comp_0","sr":1,"ks":{"o":{"a":0,"k":100,"ix":11},"r":{"a":0,"k":260,"ix":10},"p":{"a":0,"k":[986.5,477,0],"ix":2},"a":{"a":0,"k":[986.5,477,0],"ix":1},"s":{"a":0,"k":[35,35,100],"ix":6}},"ao":0,"w":1973,"h":954,"ip":34,"op":159,"st":34,"bm":0},{"ddd":0,"ind":15,"ty":0,"nm":"1","refId":"comp_0","sr":1,"ks":{"o":{"a":0,"k":100,"ix":11},"r":{"a":0,"k":240,"ix":10},"p":{"a":0,"k":[986.5,477,0],"ix":2},"a":{"a":0,"k":[986.5,477,0],"ix":1},"s":{"a":0,"k":[40,40,100],"ix":6}},"ao":0,"w":1973,"h":954,"ip":31,"op":156,"st":31,"bm":0},{"ddd":0,"ind":16,"ty":0,"nm":"1","refId":"comp_0","sr":1,"ks":{"o":{"a":0,"k":100,"ix":11},"r":{"a":0,"k":220,"ix":10},"p":{"a":0,"k":[986.5,477,0],"ix":2},"a":{"a":0,"k":[986.5,477,0],"ix":1},"s":{"a":0,"k":[45,45,100],"ix":6}},"ao":0,"w":1973,"h":954,"ip":28,"op":153,"st":28,"bm":0},{"ddd":0,"ind":17,"ty":0,"nm":"1","refId":"comp_0","sr":1,"ks":{"o":{"a":0,"k":100,"ix":11},"r":{"a":0,"k":200,"ix":10},"p":{"a":0,"k":[986.5,477,0],"ix":2},"a":{"a":0,"k":[986.5,477,0],"ix":1},"s":{"a":0,"k":[50,50,100],"ix":6}},"ao":0,"w":1973,"h":954,"ip":25,"op":150,"st":25,"bm":0},{"ddd":0,"ind":18,"ty":0,"nm":"1","refId":"comp_0","sr":1,"ks":{"o":{"a":0,"k":100,"ix":11},"r":{"a":0,"k":180,"ix":10},"p":{"a":0,"k":[986.5,477,0],"ix":2},"a":{"a":0,"k":[986.5,477,0],"ix":1},"s":{"a":0,"k":[55,55,100],"ix":6}},"ao":0,"w":1973,"h":954,"ip":23,"op":148,"st":23,"bm":0},{"ddd":0,"ind":19,"ty":0,"nm":"1","refId":"comp_0","sr":1,"ks":{"o":{"a":0,"k":100,"ix":11},"r":{"a":0,"k":160,"ix":10},"p":{"a":0,"k":[986.5,477,0],"ix":2},"a":{"a":0,"k":[986.5,477,0],"ix":1},"s":{"a":0,"k":[60,60,100],"ix":6}},"ao":0,"w":1973,"h":954,"ip":20,"op":145,"st":20,"bm":0},{"ddd":0,"ind":20,"ty":0,"nm":"1","refId":"comp_0","sr":1,"ks":{"o":{"a":0,"k":100,"ix":11},"r":{"a":0,"k":140,"ix":10},"p":{"a":0,"k":[986.5,477,0],"ix":2},"a":{"a":0,"k":[986.5,477,0],"ix":1},"s":{"a":0,"k":[65,65,100],"ix":6}},"ao":0,"w":1973,"h":954,"ip":17,"op":142,"st":17,"bm":0},{"ddd":0,"ind":21,"ty":0,"nm":"1","refId":"comp_0","sr":1,"ks":{"o":{"a":0,"k":100,"ix":11},"r":{"a":0,"k":120,"ix":10},"p":{"a":0,"k":[986.5,477,0],"ix":2},"a":{"a":0,"k":[986.5,477,0],"ix":1},"s":{"a":0,"k":[52,52,100],"ix":6}},"ao":0,"w":1973,"h":954,"ip":15,"op":140,"st":15,"bm":0},{"ddd":0,"ind":22,"ty":0,"nm":"1","refId":"comp_0","sr":1,"ks":{"o":{"a":0,"k":100,"ix":11},"r":{"a":0,"k":100,"ix":10},"p":{"a":0,"k":[986.5,477,0],"ix":2},"a":{"a":0,"k":[986.5,477,0],"ix":1},"s":{"a":0,"k":[57,57,100],"ix":6}},"ao":0,"w":1973,"h":954,"ip":12,"op":137,"st":12,"bm":0},{"ddd":0,"ind":23,"ty":0,"nm":"1","refId":"comp_0","sr":1,"ks":{"o":{"a":0,"k":100,"ix":11},"r":{"a":0,"k":80,"ix":10},"p":{"a":0,"k":[986.5,477,0],"ix":2},"a":{"a":0,"k":[986.5,477,0],"ix":1},"s":{"a":0,"k":[62,62,100],"ix":6}},"ao":0,"w":1973,"h":954,"ip":10,"op":135,"st":10,"bm":0},{"ddd":0,"ind":24,"ty":0,"nm":"1","refId":"comp_0","sr":1,"ks":{"o":{"a":0,"k":100,"ix":11},"r":{"a":0,"k":60,"ix":10},"p":{"a":0,"k":[986.5,477,0],"ix":2},"a":{"a":0,"k":[986.5,477,0],"ix":1},"s":{"a":0,"k":[67,67,100],"ix":6}},"ao":0,"w":1973,"h":954,"ip":8,"op":133,"st":8,"bm":0},{"ddd":0,"ind":25,"ty":0,"nm":"1","refId":"comp_0","sr":1,"ks":{"o":{"a":0,"k":100,"ix":11},"r":{"a":0,"k":40,"ix":10},"p":{"a":0,"k":[986.5,477,0],"ix":2},"a":{"a":0,"k":[986.5,477,0],"ix":1},"s":{"a":0,"k":[72,72,100],"ix":6}},"ao":0,"w":1973,"h":954,"ip":5,"op":130,"st":5,"bm":0},{"ddd":0,"ind":26,"ty":0,"nm":"1","refId":"comp_0","sr":1,"ks":{"o":{"a":0,"k":100,"ix":11},"r":{"a":0,"k":20,"ix":10},"p":{"a":0,"k":[986.5,477,0],"ix":2},"a":{"a":0,"k":[986.5,477,0],"ix":1},"s":{"a":0,"k":[77,77,100],"ix":6}},"ao":0,"w":1973,"h":954,"ip":2,"op":127,"st":2,"bm":0},{"ddd":0,"ind":27,"ty":0,"nm":"1","refId":"comp_0","sr":1,"ks":{"o":{"a":0,"k":100,"ix":11},"r":{"a":0,"k":0,"ix":10},"p":{"a":0,"k":[986.5,477,0],"ix":2},"a":{"a":0,"k":[986.5,477,0],"ix":1},"s":{"a":0,"k":[82,82,100],"ix":6}},"ao":0,"w":1973,"h":954,"ip":0,"op":125,"st":0,"bm":0},{"ddd":0,"ind":28,"ty":1,"nm":"White Solid 1","sr":1,"ks":{"o":{"a":0,"k":100,"ix":11},"r":{"a":0,"k":0,"ix":10},"p":{"a":0,"k":[986.5,477,0],"ix":2},"a":{"a":0,"k":[986.5,477,0],"ix":1},"s":{"a":0,"k":[100,100,100],"ix":6}},"ao":0,"sw":1973,"sh":954,"sc":"#ffffff","ip":0,"op":125,"st":0,"bm":0}],"markers":[]}